name,price,rating,description,image,age,review,category
Cotton T-Shirt,15.0,4.5,"Classic crew neck, 100% cotton, comfortable and breathable.",https://images.unsplash.com/photo-1484516396415-4971641de8e0?crop=entropy&cs=srgb&fm=jpg&ixid=M3w2Njg3MjZ8MHwxfHNlYXJjaHwxfHxDb3R0b24lMjBULVNoaXJ0fGVufDB8fHx8MTczNzc4NTA0NXww&ixlib=rb-4.0.3&q=85,19,Fabric feels cheap and uncomfortable.,Clothing
Denim Jeans,70.0,4.2,"Regular fit, classic blue denim, durable and stylish.",https://images.unsplash.com/photo-1560243563-062bfc001d68?crop=entropy&cs=srgb&fm=jpg&ixid=M3w2Njg3MjZ8MHwxfHNlYXJjaHwxfHxEZW5pbSUyMEplYW5zfGVufDB8fHx8MTczNzc4NTA0Nnww&ixlib=rb-4.0.3&q=85,26,Amazing value for money!,Clothing
Wool Sweater,50.0,4.0,"Soft and warm wool sweater, perfect for colder weather.",https://images.unsplash.com/photo-1601379327928-bedfaf9da2d0?crop=entropy&cs=srgb&fm=jpg&ixid=M3w2Njg3MjZ8MHwxfHNlYXJjaHwxfHxXb29sJTIwU3dlYXRlcnxlbnwwfHx8fDE3Mzc3ODUwNDZ8MA&ixlib=rb-4.0.3&q=85,43,"Stylish and practical, I love it!",Clothing
Flannel Shirt,35.0,4.3,"Classic plaid flannel, soft and comfortable.",https://images.unsplash.com/photo-1601935033900-059813f9abfc?crop=entropy&cs=srgb&fm=jpg&ixid=M3w2Njg3MjZ8MHwxfHNlYXJjaHwxfHxGbGFubmVsJTIwU2hpcnR8ZW58MHx8fHwxNzM3Nzg1MDQ2fDA&ixlib=rb-4.0.3&q=85,25,Fits perfectly and looks great.,Clothing
Lightweight Jacket,40.0,4.1,"Water-resistant, perfect for layering.",https://images.unsplash.com/photo-1542327897-d73f4005b533?crop=entropy&cs=srgb&fm=jpg&ixid=M3w2Njg3MjZ8MHwxfHNlYXJjaHwxfHxMaWdodHdlaWdodCUyMEphY2tldHxlbnwwfHx8fDE3Mzc3ODUwNDd8MA&ixlib=rb-4.0.3&q=85,19,Amazing value for money!,Clothing
Hoodie,30.0,4.4,Comfortable and warm hoodie with a kangaroo pocket.,https://images.unsplash.com/photo-1556821840-3a63f95609a7?crop=entropy&cs=srgb&fm=jpg&ixid=M3w2Njg3MjZ8MHwxfHNlYXJjaHwxfHxIb29kaWV8ZW58MHx8fHwxNzM3Nzg1MDQ3fDA&ixlib=rb-4.0.3&q=85,34,Fabric feels cheap and uncomfortable.,Clothing
Sneakers,60.0,4.6,"Comfortable and stylish sneakers, perfect for everyday wear.",https://images.unsplash.com/photo-1595950653106-6c9ebd614d3a?crop=entropy&cs=srgb&fm=jpg&ixid=M3w2Njg3MjZ8MHwxfHNlYXJjaHwxfHxTbmVha2Vyc3xlbnwwfHx8fDE3Mzc3ODUwNDh8MA&ixlib=rb-4.0.3&q=85,40,The color faded after the first wash.,Clothing
Dress Pants,65.0,4.0,"Classic dress pants, perfect for formal occasions.",https://images.unsplash.com/photo-1611937685025-8d1df67a80b6?crop=entropy&cs=srgb&fm=jpg&ixid=M3w2Njg3MjZ8MHwxfHNlYXJjaHwxfHxEcmVzcyUyMFBhbnRzfGVufDB8fHx8MTczNzc4NTA0OHww&ixlib=rb-4.0.3&q=85,45,Amazing value for money!,Clothing
Button-Down Shirt,30.0,4.2,"Classic button-down shirt, made from breathable cotton.",https://images.unsplash.com/photo-1464569039280-183cbe6ea28a?crop=entropy&cs=srgb&fm=jpg&ixid=M3w2Njg3MjZ8MHwxfHNlYXJjaHwxfHxCdXR0b24tRG93biUyMFNoaXJ0fGVufDB8fHx8MTczNzc4NTA1MHww&ixlib=rb-4.0.3&q=85,44,Fabric feels cheap and uncomfortable.,Clothing
Coat,100.0,3.9,"Warm and stylish coat, perfect for winter.",https://images.unsplash.com/photo-1539533113208-f6df8cc8b543?crop=entropy&cs=srgb&fm=jpg&ixid=M3w2Njg3MjZ8MHwxfHNlYXJjaHwxfHxDb2F0fGVufDB8fHx8MTczNzc4NTA1MHww&ixlib=rb-4.0.3&q=85,29,"Doesn’t fit as expected, very disappointing.",Clothing
Summer Dress,45.0,4.5,"Lightweight and breathable summer dress, perfect for warm weather.",https://images.unsplash.com/photo-1496747611176-843222e1e57c?crop=entropy&cs=srgb&fm=jpg&ixid=M3w2Njg3MjZ8MHwxfHNlYXJjaHwxfHxTdW1tZXIlMjBEcmVzc3xlbnwwfHx8fDE3Mzc3ODUwNTF8MA&ixlib=rb-4.0.3&q=85,44,"Stylish and practical, I love it!",Clothing
Leggings,25.0,4.3,"Comfortable and versatile leggings, perfect for everyday wear.",https://images.unsplash.com/photo-1606902965551-dce093cda6e7?crop=entropy&cs=srgb&fm=jpg&ixid=M3w2Njg3MjZ8MHwxfHNlYXJjaHwxfHxMZWdnaW5nc3xlbnwwfHx8fDE3Mzc3ODUwNTF8MA&ixlib=rb-4.0.3&q=85,37,The color faded after the first wash.,Clothing
Sports Bra,20.0,4.4,"Supportive sports bra, perfect for workouts.",https://images.unsplash.com/photo-1606902965551-dce093cda6e7?crop=entropy&cs=srgb&fm=jpg&ixid=M3w2Njg3MjZ8MHwxfHNlYXJjaHwxfHxTcG9ydHMlMjBCcmF8ZW58MHx8fHwxNzM3Nzg1MDUyfDA&ixlib=rb-4.0.3&q=85,36,"Stylish and practical, I love it!",Clothing
Socks,10.0,4.1,"Comfortable and durable socks, perfect for everyday wear.",https://images.unsplash.com/photo-1585499583264-491df5142e83?crop=entropy&cs=srgb&fm=jpg&ixid=M3w2Njg3MjZ8MHwxfHNlYXJjaHwxfHxTb2Nrc3xlbnwwfHx8fDE3Mzc3ODUwNTJ8MA&ixlib=rb-4.0.3&q=85,23,Fabric feels cheap and uncomfortable.,Clothing
Underwear,15.0,4.0,Comfortable and breathable underwear.,https://images.unsplash.com/photo-1568441556126-f36ae0900180?crop=entropy&cs=srgb&fm=jpg&ixid=M3w2Njg3MjZ8MHwxfHNlYXJjaHwxfHxVbmRlcndlYXJ8ZW58MHx8fHwxNzM3Nzg1MDUyfDA&ixlib=rb-4.0.3&q=85,38,Fits perfectly and looks great.,Clothing
Swimsuit,50.0,4.2,"Stylish and comfortable swimsuit, perfect for the beach or pool.",https://images.unsplash.com/photo-1575535135032-0045eaea7d62?crop=entropy&cs=srgb&fm=jpg&ixid=M3w2Njg3MjZ8MHwxfHNlYXJjaHwxfHxTd2ltc3VpdHxlbnwwfHx8fDE3Mzc3ODUwNTN8MA&ixlib=rb-4.0.3&q=85,18,"Stylish and practical, I love it!",Clothing
Skirt,40.0,4.3,"Stylish skirt, perfect for any occasion.",https://images.unsplash.com/photo-1583496661160-fb5886a0aaaa?crop=entropy&cs=srgb&fm=jpg&ixid=M3w2Njg3MjZ8MHwxfHNlYXJjaHwxfHxTa2lydHxlbnwwfHx8fDE3Mzc3ODUwNTN8MA&ixlib=rb-4.0.3&q=85,23,Fabric feels cheap and uncomfortable.,Clothing
Blazer,80.0,3.8,"Stylish blazer, perfect for formal occasions.",https://images.unsplash.com/photo-1617137984095-74e4e5e3613f?crop=entropy&cs=srgb&fm=jpg&ixid=M3w2Njg3MjZ8MHwxfHNlYXJjaHwxfHxCbGF6ZXJ8ZW58MHx8fHwxNzM3Nzg1MDUzfDA&ixlib=rb-4.0.3&q=85,33,Fabric feels cheap and uncomfortable.,Clothing
Boots,90.0,4.4,"Warm and stylish boots, perfect for winter.",https://images.unsplash.com/photo-1520639888713-7851133b1ed0?crop=entropy&cs=srgb&fm=jpg&ixid=M3w2Njg3MjZ8MHwxfHNlYXJjaHwxfHxCb290c3xlbnwwfHx8fDE3Mzc3ODUwNTR8MA&ixlib=rb-4.0.3&q=85,40,Fits perfectly and looks great.,Clothing
Sleepwear,25.0,4.1,"Comfortable and soft sleepwear, perfect for a good night's sleep.",https://images.unsplash.com/photo-1534957695859-1a634d9ca58a?crop=entropy&cs=srgb&fm=jpg&ixid=M3w2Njg3MjZ8MHwxfHNlYXJjaHwxfHxTbGVlcHdlYXJ8ZW58MHx8fHwxNzM3Nzg1MDU0fDA&ixlib=rb-4.0.3&q=85,18,Amazing value for money!,Clothing
Sofa Bed,200.0,4.2,"A comfortable sofa that converts into a double bed, ideal for small spaces.",https://images.unsplash.com/photo-1615800001964-5afd0ae8e49a?crop=entropy&cs=srgb&fm=jpg&ixid=M3w2Njg3MjZ8MHwxfHNlYXJjaHwxfHxTb2ZhJTIwQmVkfGVufDB8fHx8MTczNzc4NTA1NXww&ixlib=rb-4.0.3&q=85,34,"Sturdy and elegant, a great addition to my home.",Furniture
Armchair,135.0,4.5,A plush armchair perfect for relaxing with a book.,https://images.unsplash.com/photo-1601366533287-5ee4c763ae4e?crop=entropy&cs=srgb&fm=jpg&ixid=M3w2Njg3MjZ8MHwxfHNlYXJjaHwxfHxBcm1jaGFpcnxlbnwwfHx8fDE3Mzc3ODUwNTV8MA&ixlib=rb-4.0.3&q=85,58,"Poor quality wood, broke within weeks.",Furniture
Dining Table,240.0,4.0,A classic dining table suitable for 6-8 people.,https://images.unsplash.com/photo-1604578762246-41134e37f9cc?crop=entropy&cs=srgb&fm=jpg&ixid=M3w2Njg3MjZ8MHwxfHNlYXJjaHwxfHxEaW5pbmclMjBUYWJsZXxlbnwwfHx8fDE3Mzc3ODUwNTZ8MA&ixlib=rb-4.0.3&q=85,35,"Poor quality wood, broke within weeks.",Furniture
Coffee Table,210.0,4.3,A stylish coffee table for your living room.,https://images.unsplash.com/photo-1619911013257-8f1fbc919fc9?crop=entropy&cs=srgb&fm=jpg&ixid=M3w2Njg3MjZ8MHwxfHNlYXJjaHwxfHxDb2ZmZWUlMjBUYWJsZXxlbnwwfHx8fDE3Mzc3ODUwNTZ8MA&ixlib=rb-4.0.3&q=85,39,"Not worth the price, very flimsy.",Furniture
Queen Bed Frame,300.0,4.1,A sturdy queen-size bed frame.,https://images.unsplash.com/flagged/photo-1551373916-bdaddbf4f881?crop=entropy&cs=srgb&fm=jpg&ixid=M3w2Njg3MjZ8MHwxfHNlYXJjaHwxfHxRdWVlbiUyMEJlZCUyMEZyYW1lfGVufDB8fHx8MTczNzc4NTA1N3ww&ixlib=rb-4.0.3&q=85,29,"Compact yet spacious, perfect for my space.",Furniture
Nightstand,350.0,4.4,A small nightstand with drawers for storage.,https://images.unsplash.com/photo-1592159714772-b44f85216622?crop=entropy&cs=srgb&fm=jpg&ixid=M3w2Njg3MjZ8MHwxfHNlYXJjaHwxfHxOaWdodHN0YW5kfGVufDB8fHx8MTczNzc4NTA1N3ww&ixlib=rb-4.0.3&q=85,59,"Not worth the price, very flimsy.",Furniture
Dresser,410.0,4.0,A six-drawer dresser for ample clothing storage.,https://images.unsplash.com/photo-1616810559347-257669714c79?crop=entropy&cs=srgb&fm=jpg&ixid=M3w2Njg3MjZ8MHwxfHNlYXJjaHwxfHxEcmVzc2VyfGVufDB8fHx8MTczNzc4NTA1N3ww&ixlib=rb-4.0.3&q=85,45,"Sturdy and elegant, a great addition to my home.",Furniture
Bookshelf,175.0,4.2,A tall bookshelf for organizing books and decorative items.,https://images.unsplash.com/photo-1593430980369-68efc5a5eb34?crop=entropy&cs=srgb&fm=jpg&ixid=M3w2Njg3MjZ8MHwxfHNlYXJjaHwxfHxCb29rc2hlbGZ8ZW58MHx8fHwxNzM3Nzg1MDU4fDA&ixlib=rb-4.0.3&q=85,33,"Compact yet spacious, perfect for my space.",Furniture
Desk,125.0,4.1,A functional desk for home office use.,https://images.unsplash.com/photo-1518655048521-f130df041f66?crop=entropy&cs=srgb&fm=jpg&ixid=M3w2Njg3MjZ8MHwxfHNlYXJjaHwxfHxEZXNrfGVufDB8fHx8MTczNzc4NTA1OHww&ixlib=rb-4.0.3&q=85,35,"Compact yet spacious, perfect for my space.",Furniture
Office Chair,165.0,3.8,An ergonomic office chair for comfortable seating.,https://images.unsplash.com/photo-1572521165329-b197f9ea3da6?crop=entropy&cs=srgb&fm=jpg&ixid=M3w2Njg3MjZ8MHwxfHNlYXJjaHwxfHxPZmZpY2UlMjBDaGFpcnxlbnwwfHx8fDE3Mzc3ODUwNTl8MA&ixlib=rb-4.0.3&q=85,39,"Affordable and stylish, looks high-end.",Furniture
Dining Chairs (set of 4),650.0,4.3,A set of four comfortable dining chairs.,https://images.unsplash.com/photo-1414235077428-338989a2e8c0?crop=entropy&cs=srgb&fm=jpg&ixid=M3w2Njg3MjZ8MHwxfHNlYXJjaHwxfHxEaW5pbmclMjBDaGFpcnMlMjAlMjhzZXQlMjBvZiUyMDQlMjl8ZW58MHx8fHwxNzM3Nzg1MDU5fDA&ixlib=rb-4.0.3&q=85,53,"Poor quality wood, broke within weeks.",Furniture
TV Stand,380.0,4.0,A media console to house your entertainment system.,https://images.unsplash.com/photo-1567690187548-f07b1d7bf5a9?crop=entropy&cs=srgb&fm=jpg&ixid=M3w2Njg3MjZ8MHwxfHNlYXJjaHwxfHxUViUyMFN0YW5kfGVufDB8fHx8MTczNzc4NTA2MHww&ixlib=rb-4.0.3&q=85,53,The assembly instructions were unclear and frustrating.,Furniture
Headboard,140.0,4.4,A stylish headboard for your bed.,https://images.unsplash.com/photo-1580948516270-b914bd6bccf3?crop=entropy&cs=srgb&fm=jpg&ixid=M3w2Njg3MjZ8MHwxfHNlYXJjaHwxfHxIZWFkYm9hcmR8ZW58MHx8fHwxNzM3Nzg1MDYwfDA&ixlib=rb-4.0.3&q=85,48,The assembly instructions were unclear and frustrating.,Furniture
Bar Stool (set of 2),230.0,4.2,A set of two bar stools for your kitchen island.,https://images.unsplash.com/photo-1523567830207-96731740fa71?crop=entropy&cs=srgb&fm=jpg&ixid=M3w2Njg3MjZ8MHwxfHNlYXJjaHwxfHxCYXIlMjBTdG9vbCUyMCUyOHNldCUyMG9mJTIwMiUyOXxlbnwwfHx8fDE3Mzc3ODUwNjJ8MA&ixlib=rb-4.0.3&q=85,25,"Compact yet spacious, perfect for my space.",Furniture
Ottoman,110.0,4.5,A comfortable footrest for your living room.,https://images.unsplash.com/photo-1603027862808-3661a3fb6923?crop=entropy&cs=srgb&fm=jpg&ixid=M3w2Njg3MjZ8MHwxfHNlYXJjaHwxfHxPdHRvbWFufGVufDB8fHx8MTczNzc4NTA2Mnww&ixlib=rb-4.0.3&q=85,39,"Compact yet spacious, perfect for my space.",Furniture
Sectional Sofa,160.0,4.1,A large sectional sofa perfect for entertaining.,https://images.unsplash.com/photo-1529943892821-2f04b070cd2f?crop=entropy&cs=srgb&fm=jpg&ixid=M3w2Njg3MjZ8MHwxfHNlYXJjaHwxfHxTZWN0aW9uYWwlMjBTb2ZhfGVufDB8fHx8MTczNzc4NTA2M3ww&ixlib=rb-4.0.3&q=85,48,"Compact yet spacious, perfect for my space.",Furniture
Storage Bench,125.0,4.3,A bench with hidden storage for blankets and other items.,https://images.unsplash.com/photo-1681276159290-29989388a728?crop=entropy&cs=srgb&fm=jpg&ixid=M3w2Njg3MjZ8MHwxfHNlYXJjaHwxfHxTdG9yYWdlJTIwQmVuY2h8ZW58MHx8fHwxNzM3Nzg1MDYzfDA&ixlib=rb-4.0.3&q=85,57,"Not worth the price, very flimsy.",Furniture
Vanity Table,310.0,4.0,A vanity table with a mirror and drawers for makeup and accessories.,https://images.unsplash.com/photo-1686109831633-d35231b5c623?crop=entropy&cs=srgb&fm=jpg&ixid=M3w2Njg3MjZ8MHwxfHNlYXJjaHwxfHxWYW5pdHklMjBUYWJsZXxlbnwwfHx8fDE3Mzc3ODUwNjR8MA&ixlib=rb-4.0.3&q=85,40,"Compact yet spacious, perfect for my space.",Furniture
Wall Shelf,220.0,4.4,A floating wall shelf for decorative items or books.,https://images.unsplash.com/photo-1615884241431-d07c87e30ab2?crop=entropy&cs=srgb&fm=jpg&ixid=M3w2Njg3MjZ8MHwxfHNlYXJjaHwxfHxXYWxsJTIwU2hlbGZ8ZW58MHx8fHwxNzM3Nzg1MDY0fDA&ixlib=rb-4.0.3&q=85,25,"Poor quality wood, broke within weeks.",Furniture
Outdoor Patio Set (Table & 2 Chairs),175.0,3.9,A durable patio set suitable for outdoor use.,https://images.unsplash.com/photo-1495548054858-0e78bb72869e?crop=entropy&cs=srgb&fm=jpg&ixid=M3w2Njg3MjZ8MHwxfHNlYXJjaHwxfHxPdXRkb29yJTIwUGF0aW8lMjBTZXQlMjAlMjhUYWJsZSUyMHxlbnwwfHx8fDE3Mzc3ODUwNjV8MA&ixlib=rb-4.0.3&q=85,57,The assembly instructions were unclear and frustrating.,Furniture
Teddy Bear,15.0,4.5,"Soft, cuddly teddy bear with brown fur and a red ribbon.",https://images.unsplash.com/photo-1588090644556-14707d0e886a?crop=entropy&cs=srgb&fm=jpg&ixid=M3w2Njg3MjZ8MHwxfHNlYXJjaHwxfHxUZWRkeSUyMEJlYXJ8ZW58MHx8fHwxNzM3Nzg1MDY2fDA&ixlib=rb-4.0.3&q=85,9,"Broke within a day of use, terrible quality.",Toys
Building Blocks,25.0,4.0,Colorful plastic blocks for creative construction.,https://images.unsplash.com/photo-1539477192933-1a7dde04aa77?crop=entropy&cs=srgb&fm=jpg&ixid=M3w2Njg3MjZ8MHwxfHNlYXJjaHwxfHxCdWlsZGluZyUyMEJsb2Nrc3xlbnwwfHx8fDE3Mzc3ODUwNjZ8MA&ixlib=rb-4.0.3&q=85,12,"Safe and non-toxic, perfect for my toddler.",Toys
Dollhouse,50.0,4.8,Wooden dollhouse with multiple rooms and accessories.,https://images.unsplash.com/photo-1608701570436-30a168ecb4b6?crop=entropy&cs=srgb&fm=jpg&ixid=M3w2Njg3MjZ8MHwxfHNlYXJjaHwxfHxEb2xsaG91c2V8ZW58MHx8fHwxNzM3Nzg1MDY3fDA&ixlib=rb-4.0.3&q=85,3,"Not as described, missing several parts.",Toys
Remote Control Car,30.0,4.2,High-speed remote control car with realistic features.,https://images.unsplash.com/photo-1613404196612-e058bb5aa01a?crop=entropy&cs=srgb&fm=jpg&ixid=M3w2Njg3MjZ8MHwxfHNlYXJjaHwxfHxSZW1vdGUlMjBDb250cm9sJTIwQ2FyfGVufDB8fHx8MTczNzc4NTA2N3ww&ixlib=rb-4.0.3&q=85,7,"Broke within a day of use, terrible quality.",Toys
Puzzle (1000 pieces),20.0,4.0,Challenging jigsaw puzzle with a scenic landscape.,https://images.unsplash.com/photo-1605902394069-ff2ae2430e62?crop=entropy&cs=srgb&fm=jpg&ixid=M3w2Njg3MjZ8MHwxfHNlYXJjaHwxfHxQdXp6bGUlMjAlMjgxMDAwJTIwcGllY2VzJTI5fGVufDB8fHx8MTczNzc4NTA2OHww&ixlib=rb-4.0.3&q=85,8,"Broke within a day of use, terrible quality.",Toys
Play-Doh Set,12.0,4.6,Modeling clay set with various tools and colors.,https://images.unsplash.com/photo-1484820540004-14229fe36ca4?crop=entropy&cs=srgb&fm=jpg&ixid=M3w2Njg3MjZ8MHwxfHNlYXJjaHwxfHxQbGF5LURvaCUyMFNldHxlbnwwfHx8fDE3Mzc3ODUwNjh8MA&ixlib=rb-4.0.3&q=85,7,Keeps the kids entertained for hours.,Toys
Board Game (Monopoly),22.0,4.3,Classic board game of property trading and wealth building.,https://images.unsplash.com/photo-1502920514313-52581002a659?crop=entropy&cs=srgb&fm=jpg&ixid=M3w2Njg3MjZ8MHwxfHNlYXJjaHwxfHxCb2FyZCUyMEdhbWUlMjAlMjhNb25vcG9seSUyOXxlbnwwfHx8fDE3Mzc3ODUwNjh8MA&ixlib=rb-4.0.3&q=85,10,Pieces are too small and pose a choking hazard.,Toys
Action Figure (Superhero),18.0,4.7,Highly detailed action figure of a popular superhero.,https://images.unsplash.com/photo-1608889825103-eb5ed706fc64?crop=entropy&cs=srgb&fm=jpg&ixid=M3w2Njg3MjZ8MHwxfHNlYXJjaHwxfHxBY3Rpb24lMjBGaWd1cmUlMjAlMjhTdXBlcmhlcm8lMjl8ZW58MHx8fHwxNzM3Nzg1MDcwfDA&ixlib=rb-4.0.3&q=85,12,"Broke within a day of use, terrible quality.",Toys
Toy Train Set,40.0,4.5,Electric train set with tracks and carriages.,https://images.unsplash.com/photo-1453053507108-9f5456eb481f?crop=entropy&cs=srgb&fm=jpg&ixid=M3w2Njg3MjZ8MHwxfHNlYXJjaHwxfHxUb3klMjBUcmFpbiUyMFNldHxlbnwwfHx8fDE3Mzc3ODUwNzB8MA&ixlib=rb-4.0.3&q=85,4,"Broke within a day of use, terrible quality.",Toys
Stuffed Animal (Lion),10.0,4.4,Soft and cuddly stuffed lion toy.,https://images.unsplash.com/photo-1497206365907-f5e630693df0?crop=entropy&cs=srgb&fm=jpg&ixid=M3w2Njg3MjZ8MHwxfHNlYXJjaHwxfHxTdHVmZmVkJTIwQW5pbWFsJTIwJTI4TGlvbiUyOXxlbnwwfHx8fDE3Mzc3ODUwNzF8MA&ixlib=rb-4.0.3&q=85,8,"Not as described, missing several parts.",Toys
Baby Rattle,8.0,4.2,Colorful rattle for infants.,https://images.unsplash.com/photo-1609811645795-f72ea07f47e9?crop=entropy&cs=srgb&fm=jpg&ixid=M3w2Njg3MTV8MHwxfHNlYXJjaHwxfHxCYWJ5JTIwUmF0dGxlfGVufDB8fHx8MTczNzc4NTIzNHww&ixlib=rb-4.0.3&q=85,6,Pieces are too small and pose a choking hazard.,Toys
Building Blocks (Magnetic),28.0,4.7,Magnetic building blocks for easy construction.,https://images.unsplash.com/photo-1508062878650-88b52897f298?crop=entropy&cs=srgb&fm=jpg&ixid=M3w2Njg3MTV8MHwxfHNlYXJjaHwxfHxCdWlsZGluZyUyMEJsb2NrcyUyMCUyOE1hZ25ldGljJTI5fGVufDB8fHx8MTczNzc4NTIzNXww&ixlib=rb-4.0.3&q=85,8,"Broke within a day of use, terrible quality.",Toys
Toy Kitchen Set,35.0,4.5,Play kitchen with various accessories.,https://images.unsplash.com/photo-1507089947368-19c1da9775ae?crop=entropy&cs=srgb&fm=jpg&ixid=M3w2Njg3MTV8MHwxfHNlYXJjaHwxfHxUb3klMjBLaXRjaGVuJTIwU2V0fGVufDB8fHx8MTczNzc4NTIzN3ww&ixlib=rb-4.0.3&q=85,3,"Safe and non-toxic, perfect for my toddler.",Toys
Remote Control Helicopter,45.0,4.1,Remote control helicopter for indoor and outdoor use.,https://images.unsplash.com/photo-1630428312167-4693ac0189fe?crop=entropy&cs=srgb&fm=jpg&ixid=M3w2Njg3MTV8MHwxfHNlYXJjaHwxfHxSZW1vdGUlMjBDb250cm9sJTIwSGVsaWNvcHRlcnxlbnwwfHx8fDE3Mzc3ODUyMzd8MA&ixlib=rb-4.0.3&q=85,8,"Not as described, missing several parts.",Toys
Art Supplies Set,15.0,4.6,"Crayons, markers, paints, and paper for creative expression.",https://images.unsplash.com/photo-1516629217888-85b89292291e?crop=entropy&cs=srgb&fm=jpg&ixid=M3w2Njg3MTV8MHwxfHNlYXJjaHwxfHxBcnQlMjBTdXBwbGllcyUyMFNldHxlbnwwfHx8fDE3Mzc3ODUyMzl8MA&ixlib=rb-4.0.3&q=85,5,"Broke within a day of use, terrible quality.",Toys
Toy Tool Set,20.0,4.3,Plastic toy tools for pretend play.,https://images.unsplash.com/photo-1581619897692-ebbf1c3883ae?crop=entropy&cs=srgb&fm=jpg&ixid=M3w2Njg3MTV8MHwxfHNlYXJjaHwxfHxUb3klMjBUb29sJTIwU2V0fGVufDB8fHx8MTczNzc4NTIzOXww&ixlib=rb-4.0.3&q=85,3,Keeps the kids entertained for hours.,Toys
Musical Instrument (Toy Guitar),18.0,4.4,Toy guitar with strings and working frets.,https://images.unsplash.com/photo-1501141002455-d3a3e8ee9dfe?crop=entropy&cs=srgb&fm=jpg&ixid=M3w2Njg3MTV8MHwxfHNlYXJjaHwxfHxNdXNpY2FsJTIwSW5zdHJ1bWVudCUyMCUyOFRveSUyMEd1aXRhciUyOXxlbnwwfHx8fDE3Mzc3ODUyNDB8MA&ixlib=rb-4.0.3&q=85,7,"Broke within a day of use, terrible quality.",Toys
Science Kit (Volcano),25.0,4.1,Science kit for creating a model volcano.,https://images.unsplash.com/photo-1486825586573-7131f7991bdd?crop=entropy&cs=srgb&fm=jpg&ixid=M3w2Njg3MTV8MHwxfHNlYXJjaHwxfHxTY2llbmNlJTIwS2l0JTIwJTI4Vm9sY2FubyUyOXxlbnwwfHx8fDE3Mzc3ODUyNDB8MA&ixlib=rb-4.0.3&q=85,6,Pieces are too small and pose a choking hazard.,Toys
Soft Blocks,18.0,4.8,"Soft, fabric-covered blocks for infants and toddlers.",https://images.unsplash.com/photo-1695724112297-3665b4d6531f?crop=entropy&cs=srgb&fm=jpg&ixid=M3w2Njg3MTV8MHwxfHNlYXJjaHwxfHxTb2Z0JTIwQmxvY2tzfGVufDB8fHx8MTczNzc4NTI0MXww&ixlib=rb-4.0.3&q=85,5,"Safe and non-toxic, perfect for my toddler.",Toys
Building Blocks (Mega Set),75.0,4.9,Large set of building blocks with many pieces and accessories.,https://images.unsplash.com/photo-1508062878650-88b52897f298?crop=entropy&cs=srgb&fm=jpg&ixid=M3w2Njg3MTV8MHwxfHNlYXJjaHwxfHxCdWlsZGluZyUyMEJsb2NrcyUyMCUyOE1lZ2ElMjBTZXQlMjl8ZW58MHx8fHwxNzM3Nzg1MjQxfDA&ixlib=rb-4.0.3&q=85,5,Pieces are too small and pose a choking hazard.,Toys
Smartphone X Pro Max,1200.0,4.5,High-end smartphone with advanced camera system and powerful processor.,https://images.unsplash.com/photo-1596742578443-7682ef5251cd?crop=entropy&cs=srgb&fm=jpg&ixid=M3w2Njg3MTV8MHwxfHNlYXJjaHwxfHxTbWFydHBob25lJTIwWCUyMFBybyUyME1heHxlbnwwfHx8fDE3Mzc3ODUyNDJ8MA&ixlib=rb-4.0.3&q=85,36,The sound quality is crisp and clear.,Consumer electronics
Wireless Noise-Cancelling Headphones,300.0,4.2,Premium headphones with excellent noise cancellation and long battery life.,https://images.unsplash.com/photo-1607294846590-fd005d7973e8?crop=entropy&cs=srgb&fm=jpg&ixid=M3w2Njg3MTV8MHwxfHNlYXJjaHwxfHxXaXJlbGVzcyUyME5vaXNlLUNhbmNlbGxpbmclMjBIZWFkcGhvbmVzfGVufDB8fHx8MTczNzc4NTI0M3ww&ixlib=rb-4.0.3&q=85,27,"Battery life is exceptional, lasts all day.",Consumer electronics
"Smart TV 65""",1000.0,4.0,Large screen smart TV with 4K resolution and HDR support.,https://images.unsplash.com/photo-1593784991095-a205069470b6?crop=entropy&cs=srgb&fm=jpg&ixid=M3w2Njg3MTV8MHwxfHNlYXJjaHwxfHxTbWFydCUyMFRWJTIwNjUlMjJ8ZW58MHx8fHwxNzM3Nzg1MjQzfDA&ixlib=rb-4.0.3&q=85,18,"Too complicated to set up, not worth it.",Consumer electronics
"Laptop 15.6""",800.0,4.1,Mid-range laptop suitable for everyday tasks and light gaming.,https://images.unsplash.com/photo-1484788984921-03950022c9ef?crop=entropy&cs=srgb&fm=jpg&ixid=M3w2Njg3MTV8MHwxfHNlYXJjaHwxfHxMYXB0b3AlMjAxNS42JTIyfGVufDB8fHx8MTczNzc4NTI0NHww&ixlib=rb-4.0.3&q=85,22,"Overheats constantly, unsafe to use.",Consumer electronics
"Tablet 10.1""",300.0,4.3,Versatile tablet for media consumption and light productivity.,https://images.unsplash.com/photo-1464380573004-8ca85a08751a?crop=entropy&cs=srgb&fm=jpg&ixid=M3w2Njg3MTV8MHwxfHNlYXJjaHwxfHxUYWJsZXQlMjAxMC4xJTIyfGVufDB8fHx8MTczNzc4NTI0NHww&ixlib=rb-4.0.3&q=85,33,"Too complicated to set up, not worth it.",Consumer electronics
Smartwatch,250.0,4.0,Smartwatch with fitness tracking and notification capabilities.,https://images.unsplash.com/photo-1508685096489-7aacd43bd3b1?crop=entropy&cs=srgb&fm=jpg&ixid=M3w2Njg3MTV8MHwxfHNlYXJjaHwxfHxTbWFydHdhdGNofGVufDB8fHx8MTczNzc4NTI0NXww&ixlib=rb-4.0.3&q=85,37,"Too complicated to set up, not worth it.",Consumer electronics
Bluetooth Speaker,100.0,4.4,Portable Bluetooth speaker with good sound quality.,https://images.unsplash.com/photo-1589256469067-ea99122bbdc4?crop=entropy&cs=srgb&fm=jpg&ixid=M3w2Njg3MTV8MHwxfHNlYXJjaHwxfHxCbHVldG9vdGglMjBTcGVha2VyfGVufDB8fHx8MTczNzc4NTI0NXww&ixlib=rb-4.0.3&q=85,31,User-friendly and reliable.,Consumer electronics
Wireless Mouse,40.0,4.0,Ergonomic wireless mouse for comfortable use.,https://images.unsplash.com/photo-1660491083562-d91a64d6ea9c?crop=entropy&cs=srgb&fm=jpg&ixid=M3w2Njg3MTV8MHwxfHNlYXJjaHwxfHxXaXJlbGVzcyUyME1vdXNlfGVufDB8fHx8MTczNzc4NTI0Nnww&ixlib=rb-4.0.3&q=85,21,User-friendly and reliable.,Consumer electronics
Gaming Console,500.0,4.6,Powerful gaming console with a wide selection of games.,https://images.unsplash.com/photo-1593118247619-e2d6f056869e?crop=entropy&cs=srgb&fm=jpg&ixid=M3w2Njg3MTV8MHwxfHNlYXJjaHwxfHxHYW1pbmclMjBDb25zb2xlfGVufDB8fHx8MTczNzc4NTI0Nnww&ixlib=rb-4.0.3&q=85,30,"Stopped working after just a week, very disappointing.",Consumer electronics
Digital Camera,600.0,4.3,High-quality digital camera with excellent image quality.,https://images.unsplash.com/photo-1581591524425-c7e0978865fc?crop=entropy&cs=srgb&fm=jpg&ixid=M3w2Njg3MTV8MHwxfHNlYXJjaHwxfHxEaWdpdGFsJTIwQ2FtZXJhfGVufDB8fHx8MTczNzc4NTI0N3ww&ixlib=rb-4.0.3&q=85,20,"Too complicated to set up, not worth it.",Consumer electronics
E-reader,150.0,4.2,Lightweight e-reader with a large library of ebooks.,https://images.unsplash.com/photo-1534258770914-022a9ce4e0ed?crop=entropy&cs=srgb&fm=jpg&ixid=M3w2Njg3MTV8MHwxfHNlYXJjaHwxfHxFLXJlYWRlcnxlbnwwfHx8fDE3Mzc3ODUyNDd8MA&ixlib=rb-4.0.3&q=85,31,"Battery life is exceptional, lasts all day.",Consumer electronics
Smart Home Hub,150.0,3.8,Central hub for controlling smart home devices.,https://images.unsplash.com/photo-1522444195799-478538b28823?crop=entropy&cs=srgb&fm=jpg&ixid=M3w2Njg3MTV8MHwxfHNlYXJjaHwxfHxTbWFydCUyMEhvbWUlMjBIdWJ8ZW58MHx8fHwxNzM3Nzg1MjQ4fDA&ixlib=rb-4.0.3&q=85,19,"Overheats constantly, unsafe to use.",Consumer electronics
External Hard Drive 1TB,75.0,4.1,Portable external hard drive for extra storage space.,https://images.unsplash.com/photo-1721675694187-8d03b127cb78?crop=entropy&cs=srgb&fm=jpg&ixid=M3w2Njg3MTV8MHwxfHNlYXJjaHwxfHxFeHRlcm5hbCUyMEhhcmQlMjBEcml2ZSUyMDFUQnxlbnwwfHx8fDE3Mzc3ODUyNDh8MA&ixlib=rb-4.0.3&q=85,35,"Too complicated to set up, not worth it.",Consumer electronics
Noise-Cancelling Earbuds,200.0,4.5,Wireless earbuds with excellent noise cancellation.,https://images.unsplash.com/photo-1590658165737-15a047b7c0b0?crop=entropy&cs=srgb&fm=jpg&ixid=M3w2Njg3MTV8MHwxfHNlYXJjaHwxfHxOb2lzZS1DYW5jZWxsaW5nJTIwRWFyYnVkc3xlbnwwfHx8fDE3Mzc3ODUyNDl8MA&ixlib=rb-4.0.3&q=85,40,"Stopped working after just a week, very disappointing.",Consumer electronics
4K Action Camera,400.0,4.2,Compact action camera capable of recording 4K video.,https://images.unsplash.com/photo-1637838880859-4d57bbff0249?crop=entropy&cs=srgb&fm=jpg&ixid=M3w2Njg3MTV8MHwxfHNlYXJjaHwxfHw0SyUyMEFjdGlvbiUyMENhbWVyYXxlbnwwfHx8fDE3Mzc3ODUyNDl8MA&ixlib=rb-4.0.3&q=85,33,The sound quality is crisp and clear.,Consumer electronics
Power Bank,30.0,4.0,Portable power bank for charging devices on the go.,https://images.unsplash.com/photo-1594843665794-446ce915d840?crop=entropy&cs=srgb&fm=jpg&ixid=M3w2Njg3MTV8MHwxfHNlYXJjaHwxfHxQb3dlciUyMEJhbmt8ZW58MHx8fHwxNzM3Nzg1MjUxfDA&ixlib=rb-4.0.3&q=85,30,"Too complicated to set up, not worth it.",Consumer electronics
VR Headset,350.0,4.0,Virtual reality headset for immersive gaming and experiences.,https://images.unsplash.com/photo-1622979135225-d2ba269cf1ac?crop=entropy&cs=srgb&fm=jpg&ixid=M3w2Njg3MTV8MHwxfHNlYXJjaHwxfHxWUiUyMEhlYWRzZXR8ZW58MHx8fHwxNzM3Nzg1MjUxfDA&ixlib=rb-4.0.3&q=85,21,"Stopped working after just a week, very disappointing.",Consumer electronics
Smart Lighting System,100.0,3.9,Smart lighting system for controlling lights remotely.,https://images.unsplash.com/photo-1541190349433-a490ea73206a?crop=entropy&cs=srgb&fm=jpg&ixid=M3w2Njg3MTV8MHwxfHNlYXJjaHwxfHxTbWFydCUyMExpZ2h0aW5nJTIwU3lzdGVtfGVufDB8fHx8MTczNzc4NTI1Mnww&ixlib=rb-4.0.3&q=85,39,"Too complicated to set up, not worth it.",Consumer electronics
Wireless Keyboard,50.0,3.7,Wireless keyboard for comfortable typing.,https://images.unsplash.com/photo-1598428452014-264f8ff1b174?crop=entropy&cs=srgb&fm=jpg&ixid=M3w2Njg3MTV8MHwxfHNlYXJjaHwxfHxXaXJlbGVzcyUyMEtleWJvYXJkfGVufDB8fHx8MTczNzc4NTI1M3ww&ixlib=rb-4.0.3&q=85,29,"Stopped working after just a week, very disappointing.",Consumer electronics
Streaming Device,50.0,4.3,Streaming device for accessing various streaming services.,https://images.unsplash.com/photo-1635414819675-a6a3388f4df8?crop=entropy&cs=srgb&fm=jpg&ixid=M3w2Njg3MTV8MHwxfHNlYXJjaHwxfHxTdHJlYW1pbmclMjBEZXZpY2V8ZW58MHx8fHwxNzM3Nzg1MjU0fDA&ixlib=rb-4.0.3&q=85,36,"Too complicated to set up, not worth it.",Consumer electronics
Laptop,800.0,4.5,A powerful and portable laptop for everyday use.,https://images.unsplash.com/photo-1649972904349-6e44c42644a7?crop=entropy&cs=srgb&fm=jpg&ixid=M3w2Njg3MTV8MXwxfHNlYXJjaHwxfHxMYXB0b3B8ZW58MHx8fHwxNzM3Nzg1MjU1fDA&ixlib=rb-4.0.3&q=85,43,Perfect for gaming and productivity!,Electronics
Smartphone,1000.0,4.2,High-end smartphone with advanced features and camera.,https://images.unsplash.com/photo-1592890288564-76628a30a657?crop=entropy&cs=srgb&fm=jpg&ixid=M3w2Njg3MTV8MHwxfHNlYXJjaHwxfHxTbWFydHBob25lfGVufDB8fHx8MTczNzc4NTI1NXww&ixlib=rb-4.0.3&q=85,30,Build quality is solid and durable.,Electronics
Tablet,300.0,4.0,Versatile tablet for media consumption and light productivity.,https://images.unsplash.com/photo-1648737966636-2fc3a5fffc8a?crop=entropy&cs=srgb&fm=jpg&ixid=M3w2Njg3MTV8MXwxfHNlYXJjaHwxfHxUYWJsZXR8ZW58MHx8fHwxNzM3Nzg1MjU2fDA&ixlib=rb-4.0.3&q=85,21,Great performance and easy to use.,Electronics
Smartwatch,250.0,4.3,Fitness tracker and smart notification device.,https://images.unsplash.com/photo-1508685096489-7aacd43bd3b1?crop=entropy&cs=srgb&fm=jpg&ixid=M3w2Njg3MTV8MHwxfHNlYXJjaHwxfHxTbWFydHdhdGNofGVufDB8fHx8MTczNzc4NTI0NXww&ixlib=rb-4.0.3&q=85,22,Great performance and easy to use.,Electronics
Wireless Headphones,150.0,4.6,Noise-cancelling headphones for immersive audio.,https://images.unsplash.com/photo-1590658268037-6bf12165a8df?crop=entropy&cs=srgb&fm=jpg&ixid=M3w2Njg3MTV8MHwxfHNlYXJjaHwxfHxXaXJlbGVzcyUyMEhlYWRwaG9uZXN8ZW58MHx8fHwxNzM3Nzg1MjU2fDA&ixlib=rb-4.0.3&q=85,39,"Keeps crashing, very unreliable.",Electronics
Smart TV,600.0,4.1,Large screen smart TV with streaming capabilities.,https://images.unsplash.com/photo-1560169897-fc0cdbdfa4d5?crop=entropy&cs=srgb&fm=jpg&ixid=M3w2Njg3MTV8MHwxfHNlYXJjaHwxfHxTbWFydCUyMFRWfGVufDB8fHx8MTczNzc4NTI1Nnww&ixlib=rb-4.0.3&q=85,32,Perfect for gaming and productivity!,Electronics
Bluetooth Speaker,50.0,4.4,Compact and portable Bluetooth speaker for music playback.,https://images.unsplash.com/photo-1589256469067-ea99122bbdc4?crop=entropy&cs=srgb&fm=jpg&ixid=M3w2Njg3MTV8MHwxfHNlYXJjaHwxfHxCbHVldG9vdGglMjBTcGVha2VyfGVufDB8fHx8MTczNzc4NTI0NXww&ixlib=rb-4.0.3&q=85,49,Build quality is solid and durable.,Electronics
Gaming Console,500.0,4.7,Powerful gaming console with a vast library of games.,https://images.unsplash.com/photo-1593118247619-e2d6f056869e?crop=entropy&cs=srgb&fm=jpg&ixid=M3w2Njg3MTV8MHwxfHNlYXJjaHwxfHxHYW1pbmclMjBDb25zb2xlfGVufDB8fHx8MTczNzc4NTI0Nnww&ixlib=rb-4.0.3&q=85,31,"Feels cheaply made, not durable at all.",Electronics
Power Bank,30.0,4.0,Portable charger for your mobile devices.,https://images.unsplash.com/photo-1594843665794-446ce915d840?crop=entropy&cs=srgb&fm=jpg&ixid=M3w2Njg3MTV8MHwxfHNlYXJjaHwxfHxQb3dlciUyMEJhbmt8ZW58MHx8fHwxNzM3Nzg1MjUxfDA&ixlib=rb-4.0.3&q=85,37,"Feels cheaply made, not durable at all.",Electronics
Wireless Mouse,30.0,4.2,Ergonomic wireless mouse for comfortable computing.,https://images.unsplash.com/photo-1660491083562-d91a64d6ea9c?crop=entropy&cs=srgb&fm=jpg&ixid=M3w2Njg3MTV8MHwxfHNlYXJjaHwxfHxXaXJlbGVzcyUyME1vdXNlfGVufDB8fHx8MTczNzc4NTI0Nnww&ixlib=rb-4.0.3&q=85,41,"Feels cheaply made, not durable at all.",Electronics
External Hard Drive,100.0,3.9,Large capacity external hard drive for data storage.,https://images.unsplash.com/photo-1613070541337-b40942ee6527?crop=entropy&cs=srgb&fm=jpg&ixid=M3w2Njg3MTV8MHwxfHNlYXJjaHwxfHxFeHRlcm5hbCUyMEhhcmQlMjBEcml2ZXxlbnwwfHx8fDE3Mzc3ODUyNTd8MA&ixlib=rb-4.0.3&q=85,29,Perfect for gaming and productivity!,Electronics
Router,80.0,3.8,High-speed Wi-Fi router for your home network.,https://images.unsplash.com/photo-1516044734145-07ca8eef8731?crop=entropy&cs=srgb&fm=jpg&ixid=M3w2Njg3MTV8MHwxfHNlYXJjaHwxfHxSb3V0ZXJ8ZW58MHx8fHwxNzM3Nzg1MjU5fDA&ixlib=rb-4.0.3&q=85,48,"Screen quality is terrible, hurts the eyes.",Electronics
Digital Camera,400.0,4.5,High-resolution digital camera for capturing photos and videos.,https://images.unsplash.com/photo-1581591524425-c7e0978865fc?crop=entropy&cs=srgb&fm=jpg&ixid=M3w2Njg3MTV8MHwxfHNlYXJjaHwxfHxEaWdpdGFsJTIwQ2FtZXJhfGVufDB8fHx8MTczNzc4NTI0N3ww&ixlib=rb-4.0.3&q=85,23,Perfect for gaming and productivity!,Electronics
E-reader,150.0,4.3,Lightweight e-reader for comfortable reading experience.,https://images.unsplash.com/photo-1534258770914-022a9ce4e0ed?crop=entropy&cs=srgb&fm=jpg&ixid=M3w2Njg3MTV8MHwxfHNlYXJjaHwxfHxFLXJlYWRlcnxlbnwwfHx8fDE3Mzc3ODUyNDd8MA&ixlib=rb-4.0.3&q=85,43,"Screen quality is terrible, hurts the eyes.",Electronics
Smart Light Bulb,20.0,4.1,Smart light bulb with color changing capabilities.,https://images.unsplash.com/photo-1606812667169-0e1991ed3742?crop=entropy&cs=srgb&fm=jpg&ixid=M3w2Njg3MTV8MHwxfHNlYXJjaHwxfHxTbWFydCUyMExpZ2h0JTIwQnVsYnxlbnwwfHx8fDE3Mzc3ODUyNjB8MA&ixlib=rb-4.0.3&q=85,22,Perfect for gaming and productivity!,Electronics
Wireless Keyboard,40.0,4.0,Comfortable wireless keyboard for effortless typing.,https://images.unsplash.com/photo-1598428452014-264f8ff1b174?crop=entropy&cs=srgb&fm=jpg&ixid=M3w2Njg3MTV8MHwxfHNlYXJjaHwxfHxXaXJlbGVzcyUyMEtleWJvYXJkfGVufDB8fHx8MTczNzc4NTI1M3ww&ixlib=rb-4.0.3&q=85,23,Perfect for gaming and productivity!,Electronics
Webcam,50.0,4.2,High-definition webcam for video conferencing.,https://images.unsplash.com/photo-1623949556303-b0d17d198863?crop=entropy&cs=srgb&fm=jpg&ixid=M3w2Njg3MTV8MHwxfHNlYXJjaHwxfHxXZWJjYW18ZW58MHx8fHwxNzM3Nzg1MjYxfDA&ixlib=rb-4.0.3&q=85,41,"Screen quality is terrible, hurts the eyes.",Electronics
Soundbar,200.0,4.4,Immersive soundbar to enhance your TV audio.,https://images.unsplash.com/photo-1604914415990-e679adec5b60?crop=entropy&cs=srgb&fm=jpg&ixid=M3w2Njg3MTV8MHwxfHNlYXJjaHwxfHxTb3VuZGJhcnxlbnwwfHx8fDE3Mzc3ODUyNjF8MA&ixlib=rb-4.0.3&q=85,31,"Screen quality is terrible, hurts the eyes.",Electronics
VR Headset,400.0,4.0,Virtual reality headset for gaming and immersive experiences.,https://images.unsplash.com/photo-1622979135225-d2ba269cf1ac?crop=entropy&cs=srgb&fm=jpg&ixid=M3w2Njg3MTV8MHwxfHNlYXJjaHwxfHxWUiUyMEhlYWRzZXR8ZW58MHx8fHwxNzM3Nzg1MjUxfDA&ixlib=rb-4.0.3&q=85,47,Perfect for gaming and productivity!,Electronics
Drone,500.0,4.2,Aerial photography drone with high-quality camera.,https://images.unsplash.com/photo-1473968512647-3e447244af8f?crop=entropy&cs=srgb&fm=jpg&ixid=M3w2Njg3MTV8MHwxfHNlYXJjaHwxfHxEcm9uZXxlbnwwfHx8fDE3Mzc3ODUyNjJ8MA&ixlib=rb-4.0.3&q=85,28,Great performance and easy to use.,Electronics
Apple,0.5,4.5,"Crisp, red apple.  Sweet and juicy.",https://images.unsplash.com/photo-1570913149827-d2ac84ab3f9a?crop=entropy&cs=srgb&fm=jpg&ixid=M3w2Njg3MTV8MHwxfHNlYXJjaHwxfHxBcHBsZXxlbnwwfHx8fDE3Mzc3ODUyNjJ8MA&ixlib=rb-4.0.3&q=85,58,Portion size is way too small for the price.,Food
Banana,0.75,4.2,Ripe yellow banana.  Slightly sweet.,https://images.unsplash.com/photo-1528825871115-3581a5387919?crop=entropy&cs=srgb&fm=jpg&ixid=M3w2Njg3MTV8MHwxfHNlYXJjaHwxfHxCYW5hbmF8ZW58MHx8fHwxNzM3Nzg1MjYzfDA&ixlib=rb-4.0.3&q=85,59,"Healthy and flavorful, perfect for my diet.",Food
Orange,1.0,4.0,"Juicy orange, high in Vitamin C.",https://images.unsplash.com/photo-1580052614034-c55d20bfee3b?crop=entropy&cs=srgb&fm=jpg&ixid=M3w2Njg3MTV8MHwxfHNlYXJjaHwxfHxPcmFuZ2V8ZW58MHx8fHwxNzM3Nzg1MjYzfDA&ixlib=rb-4.0.3&q=85,25,"Healthy and flavorful, perfect for my diet.",Food
Pizza Slice,3.0,4.8,"Cheese pizza slice, classic taste.",https://images.unsplash.com/photo-1520201163981-8cc95007dd2a?crop=entropy&cs=srgb&fm=jpg&ixid=M3w2Njg3MTV8MHwxfHNlYXJjaHwxfHxQaXp6YSUyMFNsaWNlfGVufDB8fHx8MTczNzc4NTI2NHww&ixlib=rb-4.0.3&q=85,22,"Fresh and delicious, exceeded my expectations.",Food
Hamburger,5.0,4.5,"Beef patty, cheese, lettuce, tomato on a bun.",https://images.unsplash.com/photo-1568901346375-23c9450c58cd?crop=entropy&cs=srgb&fm=jpg&ixid=M3w2Njg3MTV8MHwxfHNlYXJjaHwxfHxIYW1idXJnZXJ8ZW58MHx8fHwxNzM3Nzg1MjY0fDA&ixlib=rb-4.0.3&q=85,52,"Healthy and flavorful, perfect for my diet.",Food
Cheeseburger,6.0,4.7,"Beef patty, double cheese, lettuce, tomato on a bun.",https://images.unsplash.com/photo-1572802419224-296b0aeee0d9?crop=entropy&cs=srgb&fm=jpg&ixid=M3w2Njg3MTV8MHwxfHNlYXJjaHwxfHxDaGVlc2VidXJnZXJ8ZW58MHx8fHwxNzM3Nzg1MjY3fDA&ixlib=rb-4.0.3&q=85,33,Portion size is way too small for the price.,Food
French Fries,2.5,4.0,"Crispy, salty french fries.",https://images.unsplash.com/photo-1606755456206-b25206cde27e?crop=entropy&cs=srgb&fm=jpg&ixid=M3w2Njg3MTV8MHwxfHNlYXJjaHwxfHxGcmVuY2glMjBGcmllc3xlbnwwfHx8fDE3Mzc3ODUyNjd8MA&ixlib=rb-4.0.3&q=85,49,Tasted stale and was poorly packaged.,Food
Salad,7.0,4.3,"Mixed greens, vegetables, and your choice of dressing.",https://images.unsplash.com/photo-1512621776951-a57141f2eefd?crop=entropy&cs=srgb&fm=jpg&ixid=M3w2Njg3MTV8MHwxfHNlYXJjaHwxfHxTYWxhZHxlbnwwfHx8fDE3Mzc3ODUyNjd8MA&ixlib=rb-4.0.3&q=85,44,"Convenient packaging, great for storage.",Food
Chicken Breast,4.0,4.6,"Grilled chicken breast, lean protein.",https://images.unsplash.com/photo-1627858034922-72a657d6b3c2?crop=entropy&cs=srgb&fm=jpg&ixid=M3w2Njg3MTV8MHwxfHNlYXJjaHwxfHxDaGlja2VuJTIwQnJlYXN0fGVufDB8fHx8MTczNzc4NTI2OHww&ixlib=rb-4.0.3&q=85,31,Tasted stale and was poorly packaged.,Food
Pasta,8.0,4.4,Spaghetti with marinara sauce.,https://images.unsplash.com/photo-1556761223-4c4282c73f77?crop=entropy&cs=srgb&fm=jpg&ixid=M3w2Njg3MDl8MHwxfHNlYXJjaHwxfHxQYXN0YXxlbnwwfHx8fDE3Mzc3ODUzMzd8MA&ixlib=rb-4.0.3&q=85,55,Portion size is way too small for the price.,Food
Chocolate Bar,1.5,4.7,"Milk chocolate bar, rich and creamy.",https://images.unsplash.com/photo-1623660053975-cf75a8be0908?crop=entropy&cs=srgb&fm=jpg&ixid=M3w2Njg3MDl8MHwxfHNlYXJjaHwxfHxDaG9jb2xhdGUlMjBCYXJ8ZW58MHx8fHwxNzM3Nzg1MzM5fDA&ixlib=rb-4.0.3&q=85,52,Portion size is way too small for the price.,Food
Ice Cream,3.5,4.9,"Vanilla ice cream, classic flavor.",https://images.unsplash.com/photo-1497034825429-c343d7c6a68f?crop=entropy&cs=srgb&fm=jpg&ixid=M3w2Njg3MDl8MHwxfHNlYXJjaHwxfHxJY2UlMjBDcmVhbXxlbnwwfHx8fDE3Mzc3ODUzNDB8MA&ixlib=rb-4.0.3&q=85,54,"Way too salty, couldn't eat it.",Food
Coffee,2.0,4.2,Regular brewed coffee.,https://images.unsplash.com/photo-1556745753-b2904692b3cd?crop=entropy&cs=srgb&fm=jpg&ixid=M3w2Njg3MDl8MXwxfHNlYXJjaHwxfHxDb2ZmZWV8ZW58MHx8fHwxNzM3Nzg1MzQwfDA&ixlib=rb-4.0.3&q=85,35,"Fresh and delicious, exceeded my expectations.",Food
Milk,3.0,4.0,1 Gallon of whole milk.,https://images.unsplash.com/photo-1550583724-b2692b85b150?crop=entropy&cs=srgb&fm=jpg&ixid=M3w2Njg3MDl8MHwxfHNlYXJjaHwxfHxNaWxrfGVufDB8fHx8MTczNzc4NTM0MXww&ixlib=rb-4.0.3&q=85,31,Tasted stale and was poorly packaged.,Food
Yogurt,1.75,4.5,"Strawberry yogurt, creamy and fruity.",https://images.unsplash.com/photo-1571212515416-fef01fc43637?crop=entropy&cs=srgb&fm=jpg&ixid=M3w2Njg3MDl8MHwxfHNlYXJjaHwxfHxZb2d1cnR8ZW58MHx8fHwxNzM3Nzg1MzQxfDA&ixlib=rb-4.0.3&q=85,50,"Fresh and delicious, exceeded my expectations.",Food
Bread,2.5,4.3,"Wheat bread, wholesome and tasty.",https://images.unsplash.com/photo-1509440159596-0249088772ff?crop=entropy&cs=srgb&fm=jpg&ixid=M3w2Njg3MDl8MHwxfHNlYXJjaHwxfHxCcmVhZHxlbnwwfHx8fDE3Mzc3ODUzNDJ8MA&ixlib=rb-4.0.3&q=85,36,Tasted stale and was poorly packaged.,Food
Eggs,3.5,4.1,A dozen large eggs.,https://images.unsplash.com/photo-1498654077810-12c21d4d6dc3?crop=entropy&cs=srgb&fm=jpg&ixid=M3w2Njg3MDl8MHwxfHNlYXJjaHwxfHxFZ2dzfGVufDB8fHx8MTczNzc4NTM0Mnww&ixlib=rb-4.0.3&q=85,41,"Convenient packaging, great for storage.",Food
Carrot,0.75,4.0,A medium-sized orange carrot.,https://images.unsplash.com/photo-1598170845058-32b9d6a5da37?crop=entropy&cs=srgb&fm=jpg&ixid=M3w2Njg3MDl8MHwxfHNlYXJjaHwxfHxDYXJyb3R8ZW58MHx8fHwxNzM3Nzg1MzQzfDA&ixlib=rb-4.0.3&q=85,53,"Healthy and flavorful, perfect for my diet.",Food
Broccoli,2.0,4.4,"Head of broccoli, nutrient-rich.",https://images.unsplash.com/photo-1459411621453-7b03977f4bfc?crop=entropy&cs=srgb&fm=jpg&ixid=M3w2Njg3MDl8MHwxfHNlYXJjaHwxfHxCcm9jY29saXxlbnwwfHx8fDE3Mzc3ODUzNDR8MA&ixlib=rb-4.0.3&q=85,54,Portion size is way too small for the price.,Food
Water,1.25,4.8,16oz bottle of purified water.,https://images.unsplash.com/photo-1594058573823-d8edf1ad3380?crop=entropy&cs=srgb&fm=jpg&ixid=M3w2Njg3MDl8MXwxfHNlYXJjaHwxfHxXYXRlcnxlbnwwfHx8fDE3Mzc3ODUzNDR8MA&ixlib=rb-4.0.3&q=85,53,Portion size is way too small for the price.,Food
Car Battery,100.0,4.5,Lead-acid battery for starting a vehicle's engine.,https://images.unsplash.com/photo-1592318348310-f31b61a931c8?crop=entropy&cs=srgb&fm=jpg&ixid=M3w2Njg3MDl8MHwxfHNlYXJjaHwxfHxDYXIlMjBCYXR0ZXJ5fGVufDB8fHx8MTczNzc4NTM0NHww&ixlib=rb-4.0.3&q=85,47,Durable and reliable under tough conditions.,Auto and Parts
Engine Oil (5W-30),20.0,4.2,Synthetic blend motor oil for optimal engine performance.,https://images.unsplash.com/photo-1556760544-74068565f05c?crop=entropy&cs=srgb&fm=jpg&ixid=M3w2Njg3MDl8MHwxfHNlYXJjaHwxfHxFbmdpbmUlMjBPaWwlMjAlMjg1Vy0zMCUyOXxlbnwwfHx8fDE3Mzc3ODUzNDV8MA&ixlib=rb-4.0.3&q=85,30,Durable and reliable under tough conditions.,Auto and Parts
Air Filter,10.0,4.0,Replaces the air filter in your vehicle's engine.,https://images.unsplash.com/photo-1586040661238-69c4c4a46b55?crop=entropy&cs=srgb&fm=jpg&ixid=M3w2Njg3MDl8MHwxfHNlYXJjaHwxfHxBaXIlMjBGaWx0ZXJ8ZW58MHx8fHwxNzM3Nzg1MzQ3fDA&ixlib=rb-4.0.3&q=85,28,"Material quality is poor, didn’t last a month.",Auto and Parts
Wiper Blades (Set of 2),15.0,4.3,Replaces worn-out wiper blades for improved visibility.,https://images.unsplash.com/photo-1600439614353-174ad0ee3b25?crop=entropy&cs=srgb&fm=jpg&ixid=M3w2Njg3MDl8MHwxfHNlYXJjaHwxfHxXaXBlciUyMEJsYWRlcyUyMCUyOFNldCUyMG9mJTIwMiUyOXxlbnwwfHx8fDE3Mzc3ODUzNDh8MA&ixlib=rb-4.0.3&q=85,42,Didn’t fit my vehicle despite being advertised as compatible.,Auto and Parts
Headlights (Pair),50.0,4.1,Replacement headlights for improved nighttime visibility.,https://images.unsplash.com/photo-1701639917013-1a644aaf61aa?crop=entropy&cs=srgb&fm=jpg&ixid=M3w2Njg3MDl8MHwxfHNlYXJjaHwxfHxIZWFkbGlnaHRzJTIwJTI4UGFpciUyOXxlbnwwfHx8fDE3Mzc3ODUzNDl8MA&ixlib=rb-4.0.3&q=85,40,Easy to install and works perfectly.,Auto and Parts
Brake Pads (Set of 4),40.0,4.4,Essential brake components for safe stopping power.,https://images.unsplash.com/photo-1734599998093-9bac4f3b787b?crop=entropy&cs=srgb&fm=jpg&ixid=M3w2Njg3MDl8MHwxfHNlYXJjaHwxfHxCcmFrZSUyMFBhZHMlMjAlMjhTZXQlMjBvZiUyMDQlMjl8ZW58MHx8fHwxNzM3Nzg1MzQ5fDA&ixlib=rb-4.0.3&q=85,35,Didn’t fit my vehicle despite being advertised as compatible.,Auto and Parts
Tires (1),100.0,4.6,Provides traction and safety for your vehicle.,https://images.unsplash.com/photo-1609633619474-b7407508fbd1?crop=entropy&cs=srgb&fm=jpg&ixid=M3w2Njg3MDl8MHwxfHNlYXJjaHwxfHxUaXJlcyUyMCUyODElMjl8ZW58MHx8fHwxNzM3Nzg1MzUxfDA&ixlib=rb-4.0.3&q=85,35,"Material quality is poor, didn’t last a month.",Auto and Parts
Spark Plugs (Set of 4),20.0,4.0,Ignition components for your vehicle's engine.,https://images.unsplash.com/photo-1515871204537-49a5fe66a31f?crop=entropy&cs=srgb&fm=jpg&ixid=M3w2Njg3MDl8MHwxfHNlYXJjaHwxfHxTcGFyayUyMFBsdWdzJTIwJTI4U2V0JTIwb2YlMjA0JTI5fGVufDB8fHx8MTczNzc4NTM1M3ww&ixlib=rb-4.0.3&q=85,50,Easy to install and works perfectly.,Auto and Parts
Oil Filter,5.0,4.1,Filters contaminants from your engine oil.,https://images.unsplash.com/photo-1527383418406-f85a3b146499?crop=entropy&cs=srgb&fm=jpg&ixid=M3w2Njg3MDl8MHwxfHNlYXJjaHwxfHxPaWwlMjBGaWx0ZXJ8ZW58MHx8fHwxNzM3Nzg1MzU1fDA&ixlib=rb-4.0.3&q=85,40,Didn’t fit my vehicle despite being advertised as compatible.,Auto and Parts
Car Floor Mats,20.0,4.3,Protects your vehicle's interior from dirt and spills.,https://images.unsplash.com/photo-1515569067071-ec3b51335dd0?crop=entropy&cs=srgb&fm=jpg&ixid=M3w2Njg3MDl8MHwxfHNlYXJjaHwxfHxDYXIlMjBGbG9vciUyME1hdHN8ZW58MHx8fHwxNzM3Nzg1MzU2fDA&ixlib=rb-4.0.3&q=85,40,"Instructions were missing, had to figure it out myself.",Auto and Parts
Jump Starter,30.0,4.4,Provides a temporary power boost to start a dead battery.,https://images.unsplash.com/photo-1507072757289-c7de1a8c075e?crop=entropy&cs=srgb&fm=jpg&ixid=M3w2Njg3MDl8MHwxfHNlYXJjaHwxfHxKdW1wJTIwU3RhcnRlcnxlbnwwfHx8fDE3Mzc3ODUzNTd8MA&ixlib=rb-4.0.3&q=85,38,"Instructions were missing, had to figure it out myself.",Auto and Parts
Wheel Hub Assembly,50.0,4.2,Connects the wheel to the vehicle's suspension.,https://images.unsplash.com/photo-1610647752706-3bb12232b3ab?crop=entropy&cs=srgb&fm=jpg&ixid=M3w2Njg3MDl8MHwxfHNlYXJjaHwxfHxXaGVlbCUyMEh1YiUyMEFzc2VtYmx5fGVufDB8fHx8MTczNzc4NTM2MHww&ixlib=rb-4.0.3&q=85,26,Didn’t fit my vehicle despite being advertised as compatible.,Auto and Parts
Alternator,100.0,4.0,Charges the vehicle's battery while the engine is running.,https://images.unsplash.com/photo-1673909448809-596113853f6f?crop=entropy&cs=srgb&fm=jpg&ixid=M3w2Njg3MDl8MHwxfHNlYXJjaHwxfHxBbHRlcm5hdG9yfGVufDB8fHx8MTczNzc4NTM2MXww&ixlib=rb-4.0.3&q=85,37,Durable and reliable under tough conditions.,Auto and Parts
Serpentine Belt,10.0,3.9,Drives various engine accessories.,https://images.unsplash.com/photo-1645718171119-eaa6e88e227b?crop=entropy&cs=srgb&fm=jpg&ixid=M3w2Njg3MDl8MHwxfHNlYXJjaHwxfHxTZXJwZW50aW5lJTIwQmVsdHxlbnwwfHx8fDE3Mzc3ODUzNjN8MA&ixlib=rb-4.0.3&q=85,46,Improved my car’s performance noticeably.,Auto and Parts
Coolant,10.0,4.2,Keeps the engine from overheating.,,49,"Instructions were missing, had to figure it out myself.",Auto and Parts
Brake Rotors (Pair),50.0,4.3,Part of the braking system.,https://images.unsplash.com/photo-1579172342894-e6d751ec390c?crop=entropy&cs=srgb&fm=jpg&ixid=M3w2Njg3MDl8MHwxfHNlYXJjaHwxfHxCcmFrZSUyMFJvdG9ycyUyMCUyOFBhaXIlMjl8ZW58MHx8fHwxNzM3Nzg1MzY0fDA&ixlib=rb-4.0.3&q=85,50,"Instructions were missing, had to figure it out myself.",Auto and Parts
Distributor Cap,15.0,3.8,Distributes high voltage to the spark plugs (in vehicles with distributors).,https://images.unsplash.com/photo-1513105737059-ff0cf0580ae6?crop=entropy&cs=srgb&fm=jpg&ixid=M3w2Njg3MDl8MHwxfHNlYXJjaHwxfHxEaXN0cmlidXRvciUyMENhcHxlbnwwfHx8fDE3Mzc3ODUzNjV8MA&ixlib=rb-4.0.3&q=85,43,Easy to install and works perfectly.,Auto and Parts
Fuel Filter,10.0,4.0,Filters contaminants from the fuel.,https://images.unsplash.com/photo-1580287192846-ebb89d7e348e?crop=entropy&cs=srgb&fm=jpg&ixid=M3w2Njg3MDl8MHwxfHNlYXJjaHwxfHxGdWVsJTIwRmlsdGVyfGVufDB8fHx8MTczNzc4NTM2N3ww&ixlib=rb-4.0.3&q=85,45,"Instructions were missing, had to figure it out myself.",Auto and Parts
Timing Belt,50.0,4.1,Synchronizes the crankshaft and camshaft rotation (in vehicles with timing belts).,https://images.unsplash.com/photo-1584741621183-bb35de119593?crop=entropy&cs=srgb&fm=jpg&ixid=M3w2Njg3MDl8MHwxfHNlYXJjaHwxfHxUaW1pbmclMjBCZWx0fGVufDB8fHx8MTczNzc4NTM2OHww&ixlib=rb-4.0.3&q=85,31,Durable and reliable under tough conditions.,Auto and Parts
Car Stereo,50.0,4.4,In-car audio and entertainment system.,https://images.unsplash.com/photo-1557775692-14a239c3a5e5?crop=entropy&cs=srgb&fm=jpg&ixid=M3w2Njg3MDl8MHwxfHNlYXJjaHwxfHxDYXIlMjBTdGVyZW98ZW58MHx8fHwxNzM3Nzg1MzY4fDA&ixlib=rb-4.0.3&q=85,41,Didn’t fit my vehicle despite being advertised as compatible.,Auto and Parts
Moisturizing Face Cream,25.0,4.5,"A rich, hydrating cream for all skin types, reducing dryness and improving skin texture.",https://images.unsplash.com/photo-1571782742478-0816a4773a10?crop=entropy&cs=srgb&fm=jpg&ixid=M3w2Njg3MDl8MHwxfHNlYXJjaHwxfHxNb2lzdHVyaXppbmclMjBGYWNlJTIwQ3JlYW18ZW58MHx8fHwxNzM3Nzg1MzY5fDA&ixlib=rb-4.0.3&q=85,39,Didn’t fit my vehicle despite being advertised as compatible.,Auto and Parts
Gentle Facial Cleanser,18.0,4.2,A mild cleanser that removes impurities without stripping the skin's natural oils.,https://images.unsplash.com/photo-1598460880248-71ec6d2d582b?crop=entropy&cs=srgb&fm=jpg&ixid=M3w2Njg3MDl8MHwxfHNlYXJjaHwxfHxHZW50bGUlMjBGYWNpYWwlMjBDbGVhbnNlcnxlbnwwfHx8fDE3Mzc3ODUzNzF8MA&ixlib=rb-4.0.3&q=85,23,The scent is overpowering and unpleasant.,Beauty and personal care
Hydrating Body Lotion,15.0,4.0,"A lightweight body lotion that leaves skin soft, smooth, and hydrated.",https://images.unsplash.com/photo-1532200846567-1bd8bd5b23aa?crop=entropy&cs=srgb&fm=jpg&ixid=M3w2Njg3MDl8MHwxfHNlYXJjaHwxfHxIeWRyYXRpbmclMjBCb2R5JTIwTG90aW9ufGVufDB8fHx8MTczNzc4NTM3Mnww&ixlib=rb-4.0.3&q=85,43,"Too greasy, doesn’t absorb well.",Beauty and personal care
Sunscreen SPF 30,20.0,4.6,Broad-spectrum sunscreen protecting against UVA and UVB rays.,https://images.unsplash.com/photo-1493625445987-21ef131f4553?crop=entropy&cs=srgb&fm=jpg&ixid=M3w2Njg3MDl8MHwxfHNlYXJjaHwxfHxTdW5zY3JlZW4lMjBTUEYlMjAzMHxlbnwwfHx8fDE3Mzc3ODUzNzJ8MA&ixlib=rb-4.0.3&q=85,27,"Packed with natural ingredients, highly recommend!",Beauty and personal care
Lip Balm with SPF 15,8.0,4.3,A moisturizing lip balm with sun protection.,https://images.unsplash.com/photo-1556958215-26cb2673485a?crop=entropy&cs=srgb&fm=jpg&ixid=M3w2Njg3MDl8MHwxfHNlYXJjaHwxfHxMaXAlMjBCYWxtJTIwd2l0aCUyMFNQRiUyMDE1fGVufDB8fHx8MTczNzc4NTM3M3ww&ixlib=rb-4.0.3&q=85,24,The scent is overpowering and unpleasant.,Beauty and personal care
Mascara,16.0,4.4,Volumizing mascara for lengthening and thickening lashes.,https://images.unsplash.com/photo-1512207159096-c2c91b1dfadd?crop=entropy&cs=srgb&fm=jpg&ixid=M3w2Njg3MDl8MHwxfHNlYXJjaHwxfHxNYXNjYXJhfGVufDB8fHx8MTczNzc4NTM3NXww&ixlib=rb-4.0.3&q=85,38,"Packed with natural ingredients, highly recommend!",Beauty and personal care
Foundation,30.0,4.1,Medium coverage foundation for a natural finish.,https://images.unsplash.com/photo-1610079732288-72a77bd816c9?crop=entropy&cs=srgb&fm=jpg&ixid=M3w2Njg3MDl8MHwxfHNlYXJjaHwxfHxGb3VuZGF0aW9ufGVufDB8fHx8MTczNzc4NTM3Nnww&ixlib=rb-4.0.3&q=85,36,"Packed with natural ingredients, highly recommend!",Beauty and personal care
Concealer,14.0,4.5,Creamy concealer for covering blemishes and dark circles.,https://images.unsplash.com/photo-1547887538-e3a2f32cb1cc?crop=entropy&cs=srgb&fm=jpg&ixid=M3w2Njg3MDl8MHwxfHNlYXJjaHwxfHxDb25jZWFsZXJ8ZW58MHx8fHwxNzM3Nzg1Mzc3fDA&ixlib=rb-4.0.3&q=85,30,The scent is overpowering and unpleasant.,Beauty and personal care
Eyeshadow Palette,22.0,4.0,Versatile eyeshadow palette with a range of colors.,https://images.unsplash.com/photo-1596704017254-9b121068fb31?crop=entropy&cs=srgb&fm=jpg&ixid=M3w2Njg3MDl8MHwxfHNlYXJjaHwxfHxFeWVzaGFkb3clMjBQYWxldHRlfGVufDB8fHx8MTczNzc4NTM3N3ww&ixlib=rb-4.0.3&q=85,33,"Packed with natural ingredients, highly recommend!",Beauty and personal care
Blush,12.0,4.3,Creamy blush for a natural flush of color.,https://images.unsplash.com/photo-1554755229-ca4470e07232?crop=entropy&cs=srgb&fm=jpg&ixid=M3w2Njg3MDl8MHwxfHNlYXJjaHwxfHxCbHVzaHxlbnwwfHx8fDE3Mzc3ODUzNzh8MA&ixlib=rb-4.0.3&q=85,46,"Packed with natural ingredients, highly recommend!",Beauty and personal care
Hair Shampoo,10.0,4.2,Gentle shampoo for daily use.,https://images.unsplash.com/photo-1574621100236-d25b64cfd647?crop=entropy&cs=srgb&fm=jpg&ixid=M3w2Njg3MDl8MHwxfHNlYXJjaHwxfHxIYWlyJTIwU2hhbXBvb3xlbnwwfHx8fDE3Mzc3ODUzNzl8MA&ixlib=rb-4.0.3&q=85,49,"Caused irritation, not suitable for sensitive skin.",Beauty and personal care
Hair Conditioner,10.0,4.1,Nourishing conditioner to soften and detangle hair.,https://images.unsplash.com/photo-1557353425-6c61136de070?crop=entropy&cs=srgb&fm=jpg&ixid=M3w2Njg3MDl8MHwxfHNlYXJjaHwxfHxIYWlyJTIwQ29uZGl0aW9uZXJ8ZW58MHx8fHwxNzM3Nzg1Mzc5fDA&ixlib=rb-4.0.3&q=85,31,Smells amazing and lasts all day.,Beauty and personal care
Hair Mask,18.0,4.4,Intensive hair mask for deep conditioning and repair.,https://images.unsplash.com/photo-1561444326-baba43294667?crop=entropy&cs=srgb&fm=jpg&ixid=M3w2Njg3MDl8MHwxfHNlYXJjaHwxfHxIYWlyJTIwTWFza3xlbnwwfHx8fDE3Mzc3ODUzODF8MA&ixlib=rb-4.0.3&q=85,44,Smells amazing and lasts all day.,Beauty and personal care
Body Scrub,16.0,4.0,Exfoliating body scrub to remove dead skin cells.,https://images.unsplash.com/photo-1526758097130-bab247274f58?crop=entropy&cs=srgb&fm=jpg&ixid=M3w2Njg3MDl8MHwxfHNlYXJjaHwxfHxCb2R5JTIwU2NydWJ8ZW58MHx8fHwxNzM3Nzg1MzgyfDA&ixlib=rb-4.0.3&q=85,48,Smells amazing and lasts all day.,Beauty and personal care
Bath Bomb,5.0,4.5,Fizzy bath bomb to create a relaxing bath experience.,https://images.unsplash.com/photo-1621218095395-c492e6dde021?crop=entropy&cs=srgb&fm=jpg&ixid=M3w2Njg3MDl8MHwxfHNlYXJjaHwxfHxCYXRoJTIwQm9tYnxlbnwwfHx8fDE3Mzc3ODUzODJ8MA&ixlib=rb-4.0.3&q=85,23,The scent is overpowering and unpleasant.,Beauty and personal care
Perfume,45.0,4.3,Long-lasting floral perfume.,https://images.unsplash.com/photo-1541643600914-78b084683601?crop=entropy&cs=srgb&fm=jpg&ixid=M3w2Njg3MDl8MHwxfHNlYXJjaHwxfHxQZXJmdW1lfGVufDB8fHx8MTczNzc4NTM4M3ww&ixlib=rb-4.0.3&q=85,39,"Packed with natural ingredients, highly recommend!",Beauty and personal care
Deodorant,8.0,4.1,Antiperspirant deodorant for long-lasting freshness.,https://images.unsplash.com/photo-1601065732186-512e2ab8f856?crop=entropy&cs=srgb&fm=jpg&ixid=M3w2Njg3MDl8MHwxfHNlYXJjaHwxfHxEZW9kb3JhbnR8ZW58MHx8fHwxNzM3Nzg1Mzg0fDA&ixlib=rb-4.0.3&q=85,41,"Too greasy, doesn’t absorb well.",Beauty and personal care
Nail Polish,7.0,4.2,Long-lasting and vibrant nail polish.,https://images.unsplash.com/photo-1598104358204-87cefc7c5986?crop=entropy&cs=srgb&fm=jpg&ixid=M3w2Njg3MDl8MHwxfHNlYXJjaHwxfHxOYWlsJTIwUG9saXNofGVufDB8fHx8MTczNzc4NTM4NXww&ixlib=rb-4.0.3&q=85,43,The scent is overpowering and unpleasant.,Beauty and personal care
Tweezers,6.0,4.4,Precision tweezers for shaping eyebrows.,https://images.unsplash.com/photo-1620531940052-d0d9aff03c32?crop=entropy&cs=srgb&fm=jpg&ixid=M3w2Njg3MDl8MHwxfHNlYXJjaHwxfHxUd2VlemVyc3xlbnwwfHx8fDE3Mzc3ODUzODV8MA&ixlib=rb-4.0.3&q=85,21,"Too greasy, doesn’t absorb well.",Beauty and personal care
Sheet Mask,3.0,4.5,Hydrating sheet mask for a quick skin treatment.,,34,"Too greasy, doesn’t absorb well.",Beauty and personal care
Facial Cleanser,12.0,4.5,Gentle daily facial cleanser for all skin types. Removes dirt and makeup without over-drying.,,47,Would buy again!,Health and Beauty
Moisturizer,15.0,4.2,Lightweight daily moisturizer with SPF 15. Hydrates and protects skin from sun damage.,,44,Very comfortable.,Health and Beauty
Sunscreen Lotion SPF 50,20.0,4.8,Broad-spectrum sunscreen lotion for face and body.  Water-resistant.,,25,Very comfortable.,Health and Beauty
Hair Shampoo,10.0,4.0,Volumizing shampoo for all hair types. Cleanses and adds body.,https://images.unsplash.com/photo-1574621100236-d25b64cfd647?crop=entropy&cs=srgb&fm=jpg&ixid=M3w2Njg3MDl8MHwxfHNlYXJjaHwxfHxIYWlyJTIwU2hhbXBvb3xlbnwwfHx8fDE3Mzc3ODUzNzl8MA&ixlib=rb-4.0.3&q=85,52,Perfect fit!,Health and Beauty
Hair Conditioner,10.0,4.3,Hydrating conditioner that detangles and leaves hair soft and shiny.,https://images.unsplash.com/photo-1557353425-6c61136de070?crop=entropy&cs=srgb&fm=jpg&ixid=M3w2Njg3MDl8MHwxfHNlYXJjaHwxfHxIYWlyJTIwQ29uZGl0aW9uZXJ8ZW58MHx8fHwxNzM3Nzg1Mzc5fDA&ixlib=rb-4.0.3&q=85,28,Perfect fit!,Health and Beauty
Lip Balm,5.0,4.7,Nourishing lip balm with SPF 15. Protects and moisturizes lips.,,50,Amazing product!,Health and Beauty
Body Lotion,12.0,4.1,Daily body lotion that softens and moisturizes skin.,,47,Stylish and durable.,Health and Beauty
Hand Cream,8.0,4.6,"Intensive hand cream for dry, chapped hands.",,46,Excellent value for money.,Health and Beauty
Nail Polish,7.0,4.4,Long-lasting nail polish in a vibrant shade.,https://images.unsplash.com/photo-1598104358204-87cefc7c5986?crop=entropy&cs=srgb&fm=jpg&ixid=M3w2Njg3MDl8MHwxfHNlYXJjaHwxfHxOYWlsJTIwUG9saXNofGVufDB8fHx8MTczNzc4NTM4NXww&ixlib=rb-4.0.3&q=85,40,Highly recommend.,Health and Beauty
Mascara,15.0,4.5,Volumizing mascara that lengthens and curls lashes.,https://images.unsplash.com/photo-1512207159096-c2c91b1dfadd?crop=entropy&cs=srgb&fm=jpg&ixid=M3w2Njg3MDl8MHwxfHNlYXJjaHwxfHxNYXNjYXJhfGVufDB8fHx8MTczNzc4NTM3NXww&ixlib=rb-4.0.3&q=85,27,Amazing product!,Health and Beauty
Eyeshadow Palette,25.0,4.2,Versatile eyeshadow palette with a range of neutral shades.,https://images.unsplash.com/photo-1596704017254-9b121068fb31?crop=entropy&cs=srgb&fm=jpg&ixid=M3w2Njg3MDl8MHwxfHNlYXJjaHwxfHxFeWVzaGFkb3clMjBQYWxldHRlfGVufDB8fHx8MTczNzc4NTM3N3ww&ixlib=rb-4.0.3&q=85,51,Amazing product!,Health and Beauty
Foundation,20.0,4.3,Medium coverage foundation with a natural finish.,https://images.unsplash.com/photo-1610079732288-72a77bd816c9?crop=entropy&cs=srgb&fm=jpg&ixid=M3w2Njg3MDl8MHwxfHNlYXJjaHwxfHxGb3VuZGF0aW9ufGVufDB8fHx8MTczNzc4NTM3Nnww&ixlib=rb-4.0.3&q=85,59,Stylish and durable.,Health and Beauty
Concealer,14.0,4.6,Creamy concealer for blemishes and dark circles.,https://images.unsplash.com/photo-1547887538-e3a2f32cb1cc?crop=entropy&cs=srgb&fm=jpg&ixid=M3w2Njg3MDl8MHwxfHNlYXJjaHwxfHxDb25jZWFsZXJ8ZW58MHx8fHwxNzM3Nzg1Mzc3fDA&ixlib=rb-4.0.3&q=85,45,Excellent value for money.,Health and Beauty
Blush,12.0,4.4,Powder blush in a natural pink shade.,https://images.unsplash.com/photo-1554755229-ca4470e07232?crop=entropy&cs=srgb&fm=jpg&ixid=M3w2Njg3MDl8MHwxfHNlYXJjaHwxfHxCbHVzaHxlbnwwfHx8fDE3Mzc3ODUzNzh8MA&ixlib=rb-4.0.3&q=85,34,Great quality!,Health and Beauty
Bath Bomb,6.0,4.7,Fizzy bath bomb with essential oils and natural extracts.,https://images.unsplash.com/photo-1621218095395-c492e6dde021?crop=entropy&cs=srgb&fm=jpg&ixid=M3w2Njg3MDl8MHwxfHNlYXJjaHwxfHxCYXRoJTIwQm9tYnxlbnwwfHx8fDE3Mzc3ODUzODJ8MA&ixlib=rb-4.0.3&q=85,40,Great quality!,Health and Beauty
Body Scrub,18.0,4.5,Exfoliating body scrub with sugar and essential oils.,https://images.unsplash.com/photo-1526758097130-bab247274f58?crop=entropy&cs=srgb&fm=jpg&ixid=M3w2Njg3MDl8MHwxfHNlYXJjaHwxfHxCb2R5JTIwU2NydWJ8ZW58MHx8fHwxNzM3Nzg1MzgyfDA&ixlib=rb-4.0.3&q=85,41,Amazing product!,Health and Beauty
Sheet Mask,3.0,4.3,Hydrating sheet mask with hyaluronic acid.,,38,Excellent value for money.,Health and Beauty
Hair Oil,16.0,4.6,Nourishing hair oil that repairs and strengthens damaged hair.,,44,Great quality!,Health and Beauty
Toothpaste,6.0,4.2,Whitening toothpaste with fluoride.,,58,Great quality!,Health and Beauty
Deodorant,8.0,4.0,Natural deodorant with essential oils.,https://images.unsplash.com/photo-1601065732186-512e2ab8f856?crop=entropy&cs=srgb&fm=jpg&ixid=M3w2Njg3MDl8MHwxfHNlYXJjaHwxfHxEZW9kb3JhbnR8ZW58MHx8fHwxNzM3Nzg1Mzg0fDA&ixlib=rb-4.0.3&q=85,20,Great quality!,Health and Beauty
